{
  "dimensions": [
    1025,
    1025,
    65
  ],
  "dtype": "uint8",
  "spacing": [
    0.000267578,
    0.000210938,
    0.00015625
  ],
  "origin": [
    -0.137,
    -0.108,
    -0.01
  ],
  "valueRange": [
    33.175794351723525,
    52.32072162019396
  ],
  "downsampleStride": [
    2,
    2,
    2
  ],
  "file": "volume.bin"
}